{
  "accuracy": 0.51,
  "precision": 0.5096153846153846,
  "recall": 0.53,
  "f1_score": 0.5196078431372549,
  "cohen_kappa": 0.020000000000000018
}