{
  "accuracy": 0.52,
  "precision": 0.5208333333333334,
  "recall": 0.5,
  "f1_score": 0.5102040816326531,
  "cohen_kappa": 0.040000000000000036
}