Model,accuracy,precision,recall,f1_score,cohen_kappa
Baseline_stratified,0.52,0.5208333333333334,0.5,0.5102040816326531,0.040000000000000036
Baseline_uniform,0.51,0.5096153846153846,0.53,0.5196078431372549,0.020000000000000018
Baseline_most_frequent,0.5,0.0,0.0,0.0,0.0
Baseline_constant,0.5,0.5,1.0,0.6666666666666666,0.0
