{
  "training_results": {
    "Dense_NN": {
      "training_time": 9.035029,
      "final_train_loss": 0.19881100952625275,
      "final_train_accuracy": 0.9526041746139526,
      "final_val_loss": 0.5184440016746521,
      "final_val_accuracy": 0.7833333611488342,
      "best_epoch": 22
    },
    "Vanilla_RNN": {
      "training_time": 7.397214,
      "final_train_loss": 0.11327221989631653,
      "final_train_accuracy": 0.9885416626930237,
      "final_val_loss": 1.2072197198867798,
      "final_val_accuracy": 0.7041666507720947,
      "best_epoch": 7
    },
    "LSTM": {
      "training_time": 73.022306,
      "final_train_loss": 0.08372879028320312,
      "final_train_accuracy": 0.9906250238418579,
      "final_val_loss": 0.6594734787940979,
      "final_val_accuracy": 0.7729166746139526,
      "best_epoch": 3
    }
  },
  "test_results": {
    "Dense_NN": {
      "accuracy": 0.8033333333333333,
      "precision": 0.7708333333333334,
      "recall": 0.8633333333333333,
      "f1_score": 0.8144654088050315,
      "cohen_kappa": 0.6066666666666667
    },
    "Vanilla_RNN": {
      "accuracy": 0.7166666666666667,
      "precision": 0.7124183006535948,
      "recall": 0.7266666666666667,
      "f1_score": 0.7194719471947195,
      "cohen_kappa": 0.43333333333333335
    },
    "LSTM": {
      "accuracy": 0.795,
      "precision": 0.7845659163987139,
      "recall": 0.8133333333333334,
      "f1_score": 0.7986906710310966,
      "cohen_kappa": 0.5900000000000001
    }
  },
  "best_model": "Dense_NN",
  "best_f1_score": 0.8144654088050315,
  "baseline_f1_score": 0.6666666666666666,
  "improvement_over_baseline": 22.16981132075473
}