{
  "accuracy": 0.8033333333333333,
  "precision": 0.7708333333333334,
  "recall": 0.8633333333333333,
  "f1_score": 0.8144654088050315,
  "cohen_kappa": 0.6066666666666667
}