{
  "accuracy": 0.795,
  "precision": 0.7845659163987139,
  "recall": 0.8133333333333334,
  "f1_score": 0.7986906710310966,
  "cohen_kappa": 0.5900000000000001
}