Model,accuracy,precision,recall,f1_score,cohen_kappa
Dense_NN,0.8033333333333333,0.7708333333333334,0.8633333333333333,0.8144654088050315,0.6066666666666667
LSTM,0.795,0.7845659163987139,0.8133333333333334,0.7986906710310966,0.5900000000000001
Vanilla_RNN,0.7166666666666667,0.7124183006535948,0.7266666666666667,0.7194719471947195,0.43333333333333335
