{
  "accuracy": 0.7166666666666667,
  "precision": 0.7124183006535948,
  "recall": 0.7266666666666667,
  "f1_score": 0.7194719471947195,
  "cohen_kappa": 0.43333333333333335
}